{
    "time_to_tca": 5.1194890972,
    "miss_distance": 576.0,
    "relative_speed": 2001.0,
    "mahalanobis_distance": 1.6003060902,
    "relative_position_r": -9.6,
    "relative_position_t": -571.2,
    "relative_position_n": -77.4,
    "relative_velocity_r": 0.8,
    "relative_velocity_t": -268.6,
    "relative_velocity_n": 1983.8,
    "t_sigma_r": 7.7532425475,
    "t_sigma_t": 290.5285183936,
    "t_sigma_n": 1.8840127388,
    "t_sigma_rdot": 0.3126868721,
    "t_sigma_tdot": 0.0083364843,
    "t_sigma_ndot": 0.0041944523,
    "c_sigma_r": 7.4635661717,
    "c_sigma_t": 383.7060072503,
    "c_sigma_n": 1.953834947,
    "c_sigma_rdot": 0.4133477954,
    "c_sigma_tdot": 0.0080198042,
    "c_sigma_ndot": 0.0044945333,
    "t_j2k_sma": 6995.4660661717,
    "t_j2k_ecc": 0.0007326734,
    "t_j2k_inc": 97.7926565479,
    "c_j2k_sma": 6989.3571702827,
    "c_j2k_ecc": 0.0004514113,
    "c_j2k_inc": 97.8033444129,
    "t_obs_used": 395,
    "c_obs_used": 381.0,
    "t_weighted_rms": 1.403,
    "c_weighted_rms": 1.336,
    "t_h_apo": 622.4544581055,
    "t_h_per": 612.2036742379,
    "c_h_apo": 614.3752448187,
    "c_h_per": 608.0650957467,
    "F10": 73.0,
    "AP": 4.0
}